prompt_type,model,psg,sg,tpusg
abla-l1,gpt-5,100.0,10.0,100.0
abla-l1,phi4,50.0,0.0,40.0
abla-l1,qwen32,80.0,0.0,80.0
abla-l2,gpt-5,100.0,70.0,100.0
abla-l2,phi4,93.33333333333333,0.0,90.0
abla-l2,qwen32,83.33333333333334,0.0,60.0
original,gpt-5,96.66666666666667,100.0,90.0
original,phi4,60.0,,100.0
original,qwen32,60.0,,100.0
